Workbook

Sheet Sheet1
A1: Roll No. | B1: Student Name | C1: Trade | D1: Gender | E1: Attendance % | F1: Internal Marks | G1: Practical Marks | H1: Theory Marks | I1: Total Marks | J1: Percentage | K1: Grade | L1: Result
A2: 1 | B2: Aarav | C2: AIPA | D2: Male | E2: 87 | F2: 18 | G2: 28 | H2: 36 | I2: =F2+G2+H2 -> 82 | J2: =I2/95*100 -> 86.315789 | K2: =_xlfn.IFS(J2>=80,"A",J2>=70,"B",J2>=60,"C",J2>=50,"D",TRUE,"E") -> A | L2: =IF(AND(J2>=50,E2>=75),"Pass","Fail") -> Pass
A3: 2 | B3: Ananya | C3: COPA | D3: Female | E3: 93 | F3: 19 | G3: 20 | H3: 32 | I3: =F3+G3+H3 -> 71 | J3: =I3/95*100 -> 74.736842 | K3: =_xlfn.IFS(J3>=80,"A",J3>=70,"B",J3>=60,"C",J3>=50,"D",TRUE,"E") -> B | L3: =IF(AND(J3>=50,E3>=75),"Pass","Fail") -> Pass
A4: 3 | B4: Aditya | C4: Electrician | D4: Male | E4: 72 | F4: 19 | G4: 25 | H4: 28 | I4: =F4+G4+H4 -> 72 | J4: =I4/95*100 -> 75.789474 | K4: =_xlfn.IFS(J4>=80,"A",J4>=70,"B",J4>=60,"C",J4>=50,"D",TRUE,"E") -> B | L4: =IF(AND(J4>=50,E4>=75),"Pass","Fail") -> Fail
A5: 4 | B5: Anjali | C5: Fitter | D5: Female | E5: 92 | F5: 21 | G5: 29 | H5: 39 | I5: =F5+G5+H5 -> 89 | J5: =I5/95*100 -> 93.684211 | K5: =_xlfn.IFS(J5>=80,"A",J5>=70,"B",J5>=60,"C",J5>=50,"D",TRUE,"E") -> A | L5: =IF(AND(J5>=50,E5>=75),"Pass","Fail") -> Pass
A6: 5 | B6: Ayush | C6: Welder | D6: Male | E6: 79 | F6: 22 | G6: 18 | H6: 39 | I6: =F6+G6+H6 -> 79 | J6: =I6/95*100 -> 83.157895 | K6: =_xlfn.IFS(J6>=80,"A",J6>=70,"B",J6>=60,"C",J6>=50,"D",TRUE,"E") -> A | L6: =IF(AND(J6>=50,E6>=75),"Pass","Fail") -> Pass
A7: 6 | B7: Bhavna | C7: AIPA | D7: Female | E7: 76 | F7: 21 | G7: 23 | H7: 25 | I7: =F7+G7+H7 -> 69 | J7: =I7/95*100 -> 72.631579 | K7: =_xlfn.IFS(J7>=80,"A",J7>=70,"B",J7>=60,"C",J7>=50,"D",TRUE,"E") -> B | L7: =IF(AND(J7>=50,E7>=75),"Pass","Fail") -> Pass
A8: 7 | B8: Chandan | C8: COPA | D8: Male | E8: 82 | F8: 17 | G8: 18 | H8: 38 | I8: =F8+G8+H8 -> 73 | J8: =I8/95*100 -> 76.842105 | K8: =_xlfn.IFS(J8>=80,"A",J8>=70,"B",J8>=60,"C",J8>=50,"D",TRUE,"E") -> B | L8: =IF(AND(J8>=50,E8>=75),"Pass","Fail") -> Pass
A9: 8 | B9: Deepak | C9: Electrician | D9: Female | E9: 98 | F9: 17 | G9: 19 | H9: 36 | I9: =F9+G9+H9 -> 72 | J9: =I9/95*100 -> 75.789474 | K9: =_xlfn.IFS(J9>=80,"A",J9>=70,"B",J9>=60,"C",J9>=50,"D",TRUE,"E") -> B | L9: =IF(AND(J9>=50,E9>=75),"Pass","Fail") -> Pass
A10: 9 | B10: Diya | C10: Fitter | D10: Male | E10: 93 | F10: 19 | G10: 28 | H10: 32 | I10: =F10+G10+H10 -> 79 | J10: =I10/95*100 -> 83.157895 | K10: =_xlfn.IFS(J10>=80,"A",J10>=70,"B",J10>=60,"C",J10>=50,"D",TRUE,"E") -> A | L10: =IF(AND(J10>=50,E10>=75),"Pass","Fail") -> Pass
A11: 10 | B11: Harsh | C11: Welder | D11: Female | E11: 97 | F11: 15 | G11: 18 | H11: 21 | I11: =F11+G11+H11 -> 54 | J11: =I11/95*100 -> 56.842105 | K11: =_xlfn.IFS(J11>=80,"A",J11>=70,"B",J11>=60,"C",J11>=50,"D",TRUE,"E") -> D | L11: =IF(AND(J11>=50,E11>=75),"Pass","Fail") -> Pass
A12: 11 | B12: Isha | C12: AIPA | D12: Male | E12: 98 | F12: 24 | G12: 26 | H12: 27 | I12: =F12+G12+H12 -> 77 | J12: =I12/95*100 -> 81.052632 | K12: =_xlfn.IFS(J12>=80,"A",J12>=70,"B",J12>=60,"C",J12>=50,"D",TRUE,"E") -> A | L12: =IF(AND(J12>=50,E12>=75),"Pass","Fail") -> Pass
A13: 12 | B13: Karan | C13: COPA | D13: Female | E13: 74 | F13: 20 | G13: 25 | H13: 23 | I13: =F13+G13+H13 -> 68 | J13: =I13/95*100 -> 71.578947 | K13: =_xlfn.IFS(J13>=80,"A",J13>=70,"B",J13>=60,"C",J13>=50,"D",TRUE,"E") -> B | L13: =IF(AND(J13>=50,E13>=75),"Pass","Fail") -> Fail
... A31: 30 | B31: Yash | C31: Welder | D31: Female | E31: 85 | F31: 18 | G31: 25 | H31: 31 | I31: =F31+G31+H31 -> 74 | J31: =I31/95*100 -> 77.894737 | K31: =_xlfn.IFS(J31>=80,"A",J31>=70,"B",J31>=60,"C",J31>=50,"D",TRUE,"E") -> B | L31: =IF(AND(J31>=50,E31>=75),"Pass","Fail") -> Pass

Sheet Sheet2
A1: Q1 – Student Performance Analysis | D1: Row Labels | E1: Average of Percentage | F1: Count of Roll No.
A2: Highest Percentage | B2: =MAX(Sheet1!J2:J31) -> 93.684211 | D2: AIPA | E2: 81.052632 | F2: 6
A3: Lowest Percentage | B3: =MIN(Sheet1!J2:J31) -> 56.842105 | D3: COPA | E3: 78.421053 | F3: 6
A4: Average Percentage | B4: =AVERAGE(Sheet1!J2:J31) -> 78.421053 | D4: Electrician | E4: 80 | F4: 6
A5: Passed Students | B5: =COUNTIF(Sheet1!L2:L31,"Pass") -> 24 | D5: Fitter | E5: 78.421053 | F5: 6
A6: Failed Students | B6: =COUNTIF(Sheet1!L2:L31,"Fail") -> 6 | D6: Welder | E6: 74.210526 | F6: 6
D7: Grand Total | E7: 78.421053 | F7: 30
A9: Grade | B9: Student Count
A10: A | B10: =COUNTIF(Sheet1!K2:K31,A10) -> 14
A11: B | B11: =COUNTIF(Sheet1!K2:K31,A11) -> 13
A12: C | B12: =COUNTIF(Sheet1!K2:K31,A12) -> 2
A13: D | B13: =COUNTIF(Sheet1!K2:K31,A13) -> 1
A14: E | B14: =COUNTIF(Sheet1!K2:K31,A14) -> 0

Sheet Sheet3
A1: Employee ID | B1: Employee Name | C1: Department | D1: Designation | E1: City | F1: Basic Salary | G1: HRA | H1: Allowance | I1: Deduction | J1: Net Salary | K1: Experience (Years)
A2: E001 | B2: Amit | C2: IT | D2: Executive | E2: Prayagraj | F2: 31411 | G2: 6282 | H2: 6210 | I2: 2881 | J2: =F2+G2+H2-I2 -> 41022 | K2: 6
A3: E002 | B3: Pooja | C3: HR | D3: Assistant | E3: Lucknow | F3: 41683 | G3: 8337 | H3: 4782 | I3: 2154 | J3: =F3+G3+H3-I3 -> 52648 | K3: 8
A4: E003 | B4: Vikas | C4: Finance | D4: Analyst | E4: Varanasi | F4: 59212 | G4: 11842 | H4: 7709 | I4: 4927 | J4: =F4+G4+H4-I4 -> 73836 | K4: 8
A5: E004 | B5: Neha | C5: Sales | D5: Officer | E5: Kanpur | F5: 43722 | G5: 8744 | H5: 3372 | I5: 2903 | J5: =F5+G5+H5-I5 -> 52935 | K5: 9
A6: E005 | B6: Ravi | C6: Operations | D6: Supervisor | E6: Noida | F6: 51867 | G6: 10373 | H6: 3490 | I6: 1775 | J6: =F6+G6+H6-I6 -> 63955 | K6: 12
A7: E006 | B7: Sneha | C7: IT | D7: Executive | E7: Prayagraj | F7: 42410 | G7: 8482 | H7: 6971 | I7: 1027 | J7: =F7+G7+H7-I7 -> 56836 | K7: 5
A8: E007 | B8: Arjun | C8: HR | D8: Assistant | E8: Lucknow | F8: 50399 | G8: 10080 | H8: 3470 | I8: 1989 | J8: =F8+G8+H8-I8 -> 61960 | K8: 1
A9: E008 | B9: Komal | C9: Finance | D9: Analyst | E9: Varanasi | F9: 60860 | G9: 12172 | H9: 2327 | I9: 2013 | J9: =F9+G9+H9-I9 -> 73346 | K9: 10
A10: E009 | B10: Suresh | C10: Sales | D10: Officer | E10: Kanpur | F10: 35606 | G10: 7121 | H10: 4956 | I10: 3238 | J10: =F10+G10+H10-I10 -> 44445 | K10: 9
A11: E010 | B11: Nisha | C11: Operations | D11: Supervisor | E11: Noida | F11: 38145 | G11: 7629 | H11: 2195 | I11: 4799 | J11: =F11+G11+H11-I11 -> 43170 | K11: 6
A12: E011 | B12: Vivek | C12: IT | D12: Executive | E12: Prayagraj | F12: 46313 | G12: 9263 | H12: 7238 | I12: 1483 | J12: =F12+G12+H12-I12 -> 61331 | K12: 4
A13: E012 | B13: Payal | C13: HR | D13: Assistant | E13: Lucknow | F13: 62553 | G13: 12511 | H13: 6114 | I13: 2955 | J13: =F13+G13+H13-I13 -> 78223 | K13: 8
... A31: E030 | B31: Simran | C31: Operations | D31: Supervisor | E31: Noida | F31: 51145 | G31: 10229 | H31: 3547 | I31: 2278 | J31: =F31+G31+H31-I31 -> 62643 | K31: 5

Sheet Sheet4
